{"_step":192,"train_batch_word_accuracy":0.0664451827242525,"_wandb":{"runtime":190},"_runtime":190.206028167,"train_loss":8.99034595489502,"learning_rate":1.1519999999999998e-05,"epoch":0,"_timestamp":1.774822802723267e+09}