{"_timestamp":1.774822493558274e+09,"_step":13,"train_loss":9.626233100891113,"train_batch_word_accuracy":0.06542056074766354,"_wandb":{"runtime":140},"_runtime":140.600850959,"learning_rate":3.9e-05,"epoch":0}